{
  "CIA_01": {
    "coords": [
      0.3631195309870187,
      1.0206560223114982
    ],
    "cluster": 5
  },
  "CIA_02": {
    "coords": [
      0.872082683264245,
      0.3916671191031836
    ],
    "cluster": 2
  },
  "CIA_03": {
    "coords": [
      -8.170552567800361e-05,
      -0.49863923970018065
    ],
    "cluster": 4
  },
  "CIA_04": {
    "coords": [
      0.9026385638538122,
      -0.07098900682206956
    ],
    "cluster": 0
  },
  "CIA_05": {
    "coords": [
      0.10852690805276612,
      1.103599383829025
    ],
    "cluster": 5
  },
  "CIA_06": {
    "coords": [
      -1.071842447074496,
      0.2689325116482285
    ],
    "cluster": 5
  },
  "CIA_07": {
    "coords": [
      -0.9585678686772645,
      0.19163575543172057
    ],
    "cluster": 2
  },
  "CIA_08": {
    "coords": [
      -0.008783371241331477,
      -0.28405277394185213
    ],
    "cluster": 2
  },
  "CIA_09": {
    "coords": [
      -0.6260424810380089,
      0.8358442511198841
    ],
    "cluster": 0
  },
  "CIA_10": {
    "coords": [
      0.7629794246587847,
      0.10256053457563276
    ],
    "cluster": 0
  },
  "CIA_11": {
    "coords": [
      0.9612594480786845,
      -0.23866564732440396
    ],
    "cluster": 2
  },
  "CIA_12": {
    "coords": [
      -0.0406300368835575,
      0.8638947497387618
    ],
    "cluster": 2
  },
  "CIA_13": {
    "coords": [
      -0.05624594029105284,
      1.054886438980465
    ],
    "cluster": 6
  },
  "CIA_14": {
    "coords": [
      -0.5064280073037692,
      0.9550727807513929
    ],
    "cluster": 4
  },
  "CIA_15": {
    "coords": [
      -0.24354549543914833,
      0.92024468075901
    ],
    "cluster": 2
  },
  "CIA_16": {
    "coords": [
      0.32266905223068765,
      0.8218863687678029
    ],
    "cluster": 3
  },
  "CIA_17": {
    "coords": [
      -0.7711921156442914,
      0.6876963858270275
    ],
    "cluster": 4
  },
  "CIA_18": {
    "coords": [
      1.0647007180233035,
      0.14908954781682143
    ],
    "cluster": 0
  },
  "CIA_19": {
    "coords": [
      0.5023812887594205,
      0.27808156808877643
    ],
    "cluster": 2
  },
  "CIA_20": {
    "coords": [
      0.0850337697600936,
      0.9554141962381894
    ],
    "cluster": 0
  },
  "CIA_21": {
    "coords": [
      -0.17417116565293123,
      0.7094908680986981
    ],
    "cluster": 3
  },
  "CIA_22": {
    "coords": [
      -0.5868761861474248,
      -0.5403889450251291
    ],
    "cluster": 3
  },
  "CIA_23": {
    "coords": [
      0.7460240229631425,
      0.6910901857890652
    ],
    "cluster": 4
  },
  "CIA_24": {
    "coords": [
      -0.18770256461336352,
      -0.9329342409693467
    ],
    "cluster": 5
  },
  "CIA_25": {
    "coords": [
      0.013913820699972964,
      -1.0733389071278123
    ],
    "cluster": 6
  },
  "CIA_26": {
    "coords": [
      0.40309034056554305,
      -0.7360737306145468
    ],
    "cluster": 0
  },
  "CIA_27": {
    "coords": [
      0.6271433216111807,
      -0.8776286497851838
    ],
    "cluster": 4
  },
  "CIA_28": {
    "coords": [
      0.7111445085217081,
      0.8511545427802911
    ],
    "cluster": 4
  },
  "CIA_29": {
    "coords": [
      1.096092883757236,
      -0.18425872695436196
    ],
    "cluster": 2
  },
  "CIA_30": {
    "coords": [
      0.0776165212871296,
      0.4155108974033834
    ],
    "cluster": 4
  },
  "CIA_31": {
    "coords": [
      0.49754029808782646,
      -0.5132441041379494
    ],
    "cluster": 4
  },
  "CIA_32": {
    "coords": [
      0.9348682372023798,
      0.12386377766743321
    ],
    "cluster": 0
  },
  "CIA_33": {
    "coords": [
      0.7376391569818973,
      0.4067833978070854
    ],
    "cluster": 2
  },
  "CIA_34": {
    "coords": [
      0.5659962127538569,
      0.05848823199161147
    ],
    "cluster": 0
  },
  "CIA_35": {
    "coords": [
      0.9238976817283172,
      0.6242109240143874
    ],
    "cluster": 3
  },
  "CIA_36": {
    "coords": [
      -0.6358129908000577,
      -0.8877197505920156
    ],
    "cluster": 0
  },
  "CIA_37": {
    "coords": [
      -0.03380113023039652,
      0.21426219711230313
    ],
    "cluster": 3
  },
  "CIA_38": {
    "coords": [
      0.5638593783895405,
      -0.7924644007335937
    ],
    "cluster": 0
  },
  "CIA_39": {
    "coords": [
      0.25341421041874845,
      0.28651460935007045
    ],
    "cluster": 0
  },
  "CIA_40": {
    "coords": [
      0.9792887978400304,
      0.45199601611784895
    ],
    "cluster": 2
  },
  "CIA_41": {
    "coords": [
      0.675045234059468,
      -0.1350996066913825
    ],
    "cluster": 0
  },
  "CIA_42": {
    "coords": [
      0.26675642447994713,
      -0.6090768680088027
    ],
    "cluster": 0
  },
  "CIA_43": {
    "coords": [
      -0.2303757646048482,
      -0.6528250814750766
    ],
    "cluster": 0
  },
  "DIA_01": {
    "coords": [
      0.5952216202981063,
      0.8174631583182037
    ],
    "cluster": 2
  },
  "DIA_02": {
    "coords": [
      0.5196865196874589,
      0.4610244293051281
    ],
    "cluster": 2
  },
  "DIA_03": {
    "coords": [
      0.4977984687623752,
      0.905858745554922
    ],
    "cluster": 6
  },
  "FBI_01": {
    "coords": [
      0.3588373719924646,
      -0.013951200702805621
    ],
    "cluster": 2
  },
  "FBI_02": {
    "coords": [
      0.16890991655953266,
      -0.8069661734931713
    ],
    "cluster": 5
  },
  "FBI_03": {
    "coords": [
      1.0242399496519223,
      0.2832603508520502
    ],
    "cluster": 6
  },
  "FBI_04": {
    "coords": [
      -0.18950557573526916,
      1.0422136488348144
    ],
    "cluster": 2
  },
  "FBI_05": {
    "coords": [
      0.8031737978737385,
      -0.673680367291776
    ],
    "cluster": 6
  },
  "FBI_06": {
    "coords": [
      -0.05888494758296969,
      0.5119111885382696
    ],
    "cluster": 2
  },
  "FBI_07": {
    "coords": [
      0.30646814114541254,
      0.5605924284777922
    ],
    "cluster": 2
  },
  "FBI_08": {
    "coords": [
      0.25354590069229777,
      1.018727422916972
    ],
    "cluster": 3
  },
  "FBI_09": {
    "coords": [
      0.3540388316823199,
      -0.9947187896509528
    ],
    "cluster": 6
  },
  "FBI_10": {
    "coords": [
      0.8494104674914625,
      -0.4450561872340848
    ],
    "cluster": 6
  },
  "FBI_11": {
    "coords": [
      -0.48996839626849564,
      -0.8244814117539279
    ],
    "cluster": 3
  },
  "FBI_12": {
    "coords": [
      1.0525884671028736,
      -0.027080901942989167
    ],
    "cluster": 2
  },
  "FBI_13": {
    "coords": [
      0.23733323094148473,
      -0.3878959730593101
    ],
    "cluster": 3
  },
  "FBI_14": {
    "coords": [
      -0.010800858726056642,
      -0.9314007313036076
    ],
    "cluster": 6
  },
  "FBI_15": {
    "coords": [
      -0.9721391792723064,
      0.5304884538241822
    ],
    "cluster": 4
  },
  "FBI_16": {
    "coords": [
      -0.4177151070721977,
      -0.9614100169509467
    ],
    "cluster": 5
  },
  "FBI_17": {
    "coords": [
      0.888529980127152,
      -0.5757519851884306
    ],
    "cluster": 5
  },
  "FBI_18": {
    "coords": [
      0.5142260643618076,
      0.6950370165727959
    ],
    "cluster": 3
  },
  "FBI_19": {
    "coords": [
      -0.28174408617888047,
      0.6307772193684098
    ],
    "cluster": 3
  },
  "FBI_20": {
    "coords": [
      0.70436965563294,
      0.5746943476766101
    ],
    "cluster": 3
  },
  "FBI_21": {
    "coords": [
      0.20761503335969356,
      0.7023366088571292
    ],
    "cluster": 5
  },
  "FBI_22": {
    "coords": [
      0.5182229639835051,
      -0.24911423009770833
    ],
    "cluster": 3
  },
  "FBI_23": {
    "coords": [
      -0.1356653386854097,
      -0.019450652736756766
    ],
    "cluster": 3
  },
  "FBI_24": {
    "coords": [
      -0.34267823828093996,
      -0.9947977036882804
    ],
    "cluster": 5
  },
  "FBI_25": {
    "coords": [
      0.4249988111503141,
      -0.929818801313068
    ],
    "cluster": 5
  },
  "FBI_26": {
    "coords": [
      -0.0671749823093148,
      -0.6877542530836177
    ],